scene_type,sample_id,iou,num_gt_objects,image_file,seed,token_count,raw_token_count,runtime
Isolated,1,0.9432,1,ILSVRC2012_val_00035419.JPEG,42669,41,43,3.50838565826416
Isolated,2,0.97898,1,ILSVRC2012_val_00049130.JPEG,42669,36,43,3.50838565826416
Isolated,3,0.93557,1,ILSVRC2012_val_00005082.JPEG,42669,39,43,3.50838565826416
Isolated,4,0.98874,1,ILSVRC2012_val_00021926.JPEG,42669,40,43,3.50838565826416
Isolated,5,0.95466,1,ILSVRC2012_val_00048078.JPEG,42669,42,43,3.50838565826416
Isolated,6,0.9815,1,ILSVRC2012_val_00046712.JPEG,42669,39,43,3.50838565826416
Isolated,7,0.92403,1,ILSVRC2012_val_00003160.JPEG,42669,39,43,3.50838565826416
Isolated,8,0.98754,1,ILSVRC2012_val_00023147.JPEG,42669,41,43,3.50838565826416
Isolated,9,0.97929,1,ILSVRC2012_val_00041335.JPEG,42669,38,43,3.50838565826416
Isolated,10,0.87625,1,ILSVRC2012_val_00010968.JPEG,42669,39,43,3.50838565826416
Isolated,11,0.85257,1,ILSVRC2012_val_00045262.JPEG,42669,40,43,3.50838565826416
Isolated,12,0.90434,1,ILSVRC2013_val_00003490.JPEG,42669,40,43,3.50838565826416
Isolated,13,0.94737,1,ILSVRC2012_val_00003356.JPEG,42669,39,43,3.50838565826416
Isolated,14,0.94979,1,ILSVRC2012_val_00044894.JPEG,42669,37,43,3.50838565826416
Isolated,15,0.96873,1,ILSVRC2012_val_00028936.JPEG,42669,39,43,3.50838565826416
Isolated,16,0.9036,1,ILSVRC2012_val_00007808.JPEG,42669,41,43,3.50838565826416
Isolated,17,0.97297,1,ILSVRC2012_val_00038933.JPEG,42669,36,43,3.50838565826416
Isolated,18,0.97597,1,ILSVRC2012_val_00030174.JPEG,42669,40,43,3.50838565826416
Isolated,19,0.91039,1,ILSVRC2012_val_00021673.JPEG,42669,42,43,3.50838565826416
Isolated,20,0.95613,1,ILSVRC2012_val_00045392.JPEG,42669,39,43,3.50838565826416
Isolated,21,0.92846,1,ILSVRC2013_val_00000190.JPEG,42669,39,43,3.50838565826416
Isolated,22,0.93404,1,ILSVRC2012_val_00033734.JPEG,42669,40,43,3.50838565826416
Isolated,23,0.926,1,ILSVRC2012_val_00043918.JPEG,42669,39,43,3.50838565826416
Isolated,24,0.92726,1,ILSVRC2013_val_00004478.JPEG,42669,38,43,3.50838565826416
Isolated,25,0.98264,1,ILSVRC2012_val_00026647.JPEG,42669,38,174,8.174895286560059
Isolated,26,0.96288,1,ILSVRC2012_val_00049779.JPEG,42669,38,174,8.174895286560059
Isolated,27,0.99249,1,ILSVRC2012_val_00021744.JPEG,42669,38,174,8.174895286560059
Isolated,28,0.94321,1,ILSVRC2012_val_00031798.JPEG,42669,39,174,8.174895286560059
Isolated,29,0.93756,1,ILSVRC2012_val_00038648.JPEG,42669,39,174,8.174895286560059
Isolated,30,0.94462,1,ILSVRC2012_val_00006543.JPEG,42669,42,174,8.174895286560059
Isolated,31,0.84538,1,ILSVRC2012_val_00022992.JPEG,42669,39,174,8.174895286560059
Isolated,32,0.97142,1,ILSVRC2012_val_00018134.JPEG,42669,39,174,8.174895286560059
Isolated,33,0.5901,1,ILSVRC2013_val_00000212.JPEG,42669,173,174,8.174895286560059
Isolated,34,0.97073,1,ILSVRC2012_val_00032156.JPEG,42669,41,174,8.174895286560059
Isolated,35,0.95586,1,ILSVRC2012_val_00037811.JPEG,42669,37,174,8.174895286560059
Isolated,36,0.87681,1,ILSVRC2012_val_00032509.JPEG,42669,39,174,8.174895286560059
Isolated,37,0.96758,1,ILSVRC2012_val_00028184.JPEG,42669,39,174,8.174895286560059
Isolated,38,0.95671,1,ILSVRC2012_val_00015578.JPEG,42669,40,174,8.174895286560059
Isolated,39,0.81849,1,ILSVRC2012_val_00007651.JPEG,42669,39,174,8.174895286560059
Isolated,40,0.9875,1,ILSVRC2012_val_00023347.JPEG,42669,38,174,8.174895286560059
Isolated,41,0.97305,1,ILSVRC2012_val_00024536.JPEG,42669,40,174,8.174895286560059
Isolated,42,0.98602,1,ILSVRC2012_val_00009984.JPEG,42669,40,174,8.174895286560059
Isolated,43,0.94185,1,ILSVRC2012_val_00002242.JPEG,42669,39,174,8.174895286560059
Isolated,44,0.91794,1,ILSVRC2012_val_00007235.JPEG,42669,39,174,8.174895286560059
Isolated,45,0.98032,1,ILSVRC2012_val_00037424.JPEG,42669,39,174,8.174895286560059
Isolated,46,0.65291,1,ILSVRC2013_val_00000447.JPEG,42669,40,174,8.174895286560059
Isolated,47,0.98267,1,ILSVRC2012_val_00018834.JPEG,42669,38,174,8.174895286560059
Isolated,48,0.9761,1,ILSVRC2012_val_00018796.JPEG,42669,39,174,8.174895286560059
Isolated,49,0.96986,1,ILSVRC2012_val_00040371.JPEG,42669,38,75,5.791398525238037
Isolated,50,0.8876,1,ILSVRC2012_val_00037021.JPEG,42669,39,75,5.791398525238037
Isolated,51,0.94011,1,ILSVRC2012_val_00013814.JPEG,42669,39,75,5.791398525238037
Isolated,52,0.9457,1,ILSVRC2012_val_00001997.JPEG,42669,39,75,5.791398525238037
Isolated,53,0.87363,1,ILSVRC2013_val_00003215.JPEG,42669,40,75,5.791398525238037
Isolated,54,0.83477,1,ILSVRC2012_val_00000043.JPEG,42669,39,75,5.791398525238037
Isolated,55,0.76053,1,ILSVRC2013_val_00003950.JPEG,42669,74,75,5.791398525238037
Isolated,56,0.86219,1,ILSVRC2012_val_00016023.JPEG,42669,39,75,5.791398525238037
Isolated,57,0.79131,1,ILSVRC2012_val_00034996.JPEG,42669,39,75,5.791398525238037
Isolated,58,0.9421,1,ILSVRC2013_val_00002118.JPEG,42669,41,75,5.791398525238037
Isolated,59,0.97133,1,ILSVRC2012_val_00042061.JPEG,42669,40,75,5.791398525238037
Isolated,60,0.87667,1,ILSVRC2012_val_00033189.JPEG,42669,39,75,5.791398525238037
Isolated,61,0.9893,1,ILSVRC2012_val_00011894.JPEG,42669,39,75,5.791398525238037
Isolated,62,0.95101,1,ILSVRC2012_val_00028633.JPEG,42669,38,75,5.791398525238037
Isolated,63,0.88882,1,ILSVRC2012_val_00031888.JPEG,42669,40,75,5.791398525238037
Isolated,64,0.9508,1,ILSVRC2013_val_00003066.JPEG,42669,39,75,5.791398525238037
Isolated,65,0.93115,1,ILSVRC2013_val_00002122.JPEG,42669,70,75,5.791398525238037
Isolated,66,0.72411,1,ILSVRC2012_val_00038746.JPEG,42669,40,75,5.791398525238037
Isolated,67,0.61923,1,ILSVRC2012_val_00018722.JPEG,42669,39,75,5.791398525238037
Isolated,68,0.98347,1,ILSVRC2012_val_00041850.JPEG,42669,39,75,5.791398525238037
Isolated,69,0.96402,1,ILSVRC2012_val_00022095.JPEG,42669,39,75,5.791398525238037
Isolated,70,0.94654,1,ILSVRC2012_val_00024216.JPEG,42669,39,75,5.791398525238037
Isolated,71,0.98186,1,ILSVRC2012_val_00045019.JPEG,42669,39,75,5.791398525238037
Isolated,72,0.98542,1,ILSVRC2012_val_00024773.JPEG,42669,39,75,5.791398525238037
Isolated,73,0.88172,1,ILSVRC2013_val_00004263.JPEG,42669,39,43,4.050210952758789
Isolated,74,0.98181,1,ILSVRC2012_val_00028621.JPEG,42669,41,43,4.050210952758789
Isolated,75,0.90868,1,ILSVRC2012_val_00003748.JPEG,42669,39,43,4.050210952758789
Isolated,76,0.96899,1,ILSVRC2012_val_00000507.JPEG,42669,39,43,4.050210952758789
Isolated,77,0.93771,1,ILSVRC2012_val_00030278.JPEG,42669,38,43,4.050210952758789
Isolated,78,0.60653,1,ILSVRC2012_val_00032206.JPEG,42669,41,43,4.050210952758789
Isolated,79,0.9716,1,ILSVRC2012_val_00005033.JPEG,42669,37,43,4.050210952758789
Isolated,80,0.9236,1,ILSVRC2012_val_00005224.JPEG,42669,37,43,4.050210952758789
Isolated,81,0.90075,1,ILSVRC2012_val_00008747.JPEG,42669,38,43,4.050210952758789
Isolated,82,0.94375,1,ILSVRC2012_val_00039496.JPEG,42669,40,43,4.050210952758789
Isolated,83,0.95014,1,ILSVRC2013_val_00003473.JPEG,42669,40,43,4.050210952758789
Isolated,84,0.9266,1,ILSVRC2013_val_00001606.JPEG,42669,42,43,4.050210952758789
Isolated,85,0.93502,1,ILSVRC2012_val_00004755.JPEG,42669,40,43,4.050210952758789
Isolated,86,0.87675,1,ILSVRC2012_val_00006037.JPEG,42669,40,43,4.050210952758789
Isolated,87,0.91376,1,ILSVRC2012_val_00030779.JPEG,42669,41,43,4.050210952758789
Isolated,88,0.90599,1,ILSVRC2013_val_00000663.JPEG,42669,41,43,4.050210952758789
Isolated,89,0.94258,1,ILSVRC2012_val_00014794.JPEG,42669,39,43,4.050210952758789
Isolated,90,0.88666,1,ILSVRC2012_val_00019172.JPEG,42669,39,43,4.050210952758789
Isolated,91,0.92049,1,ILSVRC2012_val_00015039.JPEG,42669,41,43,4.050210952758789
Isolated,92,0.93391,1,ILSVRC2012_val_00047582.JPEG,42669,41,43,4.050210952758789
Isolated,93,0.91889,1,ILSVRC2012_val_00024889.JPEG,42669,39,43,4.050210952758789
Isolated,94,0.93119,1,ILSVRC2012_val_00027989.JPEG,42669,37,43,4.050210952758789
Isolated,95,0.97078,1,ILSVRC2012_val_00022799.JPEG,42669,39,43,4.050210952758789
Isolated,96,0.9536,1,ILSVRC2012_val_00022474.JPEG,42669,39,43,4.050210952758789
Isolated,97,0.90926,1,ILSVRC2012_val_00017083.JPEG,42669,40,42,2.8251354694366455
Isolated,98,0.97291,1,ILSVRC2013_val_00001676.JPEG,42669,36,42,2.8251354694366455
Isolated,99,0.9724,1,ILSVRC2012_val_00005430.JPEG,42669,40,42,2.8251354694366455
Isolated,100,0.78719,1,ILSVRC2012_val_00012768.JPEG,42669,39,42,2.8251354694366455
Isolated,101,0.97738,1,ILSVRC2012_val_00026793.JPEG,42669,40,42,2.8251354694366455
Isolated,102,0.98044,1,ILSVRC2012_val_00017400.JPEG,42669,39,42,2.8251354694366455
Isolated,103,0.793,1,ILSVRC2012_val_00022634.JPEG,42669,40,42,2.8251354694366455
Isolated,104,0.93602,1,ILSVRC2012_val_00015513.JPEG,42669,39,42,2.8251354694366455
Isolated,105,0.94764,1,ILSVRC2012_val_00046759.JPEG,42669,39,42,2.8251354694366455
Isolated,106,0.95536,1,ILSVRC2012_val_00023686.JPEG,42669,39,42,2.8251354694366455
Isolated,107,0.84626,1,ILSVRC2012_val_00007524.JPEG,42669,39,42,2.8251354694366455
Isolated,108,0.77642,1,ILSVRC2012_val_00001284.JPEG,42669,39,42,2.8251354694366455
Isolated,109,0.92253,1,ILSVRC2012_val_00049361.JPEG,42669,41,42,2.8251354694366455
Isolated,110,0.97125,1,ILSVRC2012_val_00005667.JPEG,42669,40,42,2.8251354694366455
Isolated,111,0.96933,1,ILSVRC2012_val_00000668.JPEG,42669,38,42,2.8251354694366455
Isolated,112,0.83159,1,ILSVRC2012_val_00045991.JPEG,42669,38,42,2.8251354694366455
Isolated,113,0.91897,1,ILSVRC2012_val_00030924.JPEG,42669,38,42,2.8251354694366455
Isolated,114,0.94736,1,ILSVRC2012_val_00022266.JPEG,42669,39,42,2.8251354694366455
Isolated,115,0.78962,1,ILSVRC2012_val_00028443.JPEG,42669,40,42,2.8251354694366455
Isolated,116,0.91678,1,ILSVRC2012_val_00021104.JPEG,42669,38,42,2.8251354694366455
Isolated,117,0.98203,1,ILSVRC2012_val_00033737.JPEG,42669,37,42,2.8251354694366455
Isolated,118,0.89267,1,ILSVRC2012_val_00020044.JPEG,42669,40,42,2.8251354694366455
Isolated,119,0.97015,1,ILSVRC2012_val_00025472.JPEG,42669,39,42,2.8251354694366455
Isolated,120,0.95428,1,ILSVRC2012_val_00031885.JPEG,42669,40,42,2.8251354694366455
Isolated,121,0.80711,1,ILSVRC2012_val_00044238.JPEG,42669,39,105,5.4747314453125
Isolated,122,0.9647,1,ILSVRC2012_val_00023403.JPEG,42669,40,105,5.4747314453125
Isolated,123,0.85714,1,ILSVRC2012_val_00019022.JPEG,42669,104,105,5.4747314453125
Isolated,124,0.94598,1,ILSVRC2012_val_00001504.JPEG,42669,39,105,5.4747314453125
Isolated,125,0.98162,1,ILSVRC2012_val_00034174.JPEG,42669,39,105,5.4747314453125
Isolated,126,0.9513,1,ILSVRC2012_val_00001988.JPEG,42669,40,105,5.4747314453125
Isolated,127,0.95064,1,ILSVRC2012_val_00006923.JPEG,42669,39,105,5.4747314453125
Isolated,128,0.97191,1,ILSVRC2012_val_00015555.JPEG,42669,38,105,5.4747314453125
Isolated,129,0.7425,1,ILSVRC2012_val_00025241.JPEG,42669,39,105,5.4747314453125
Isolated,130,0.86053,1,ILSVRC2012_val_00009701.JPEG,42669,38,105,5.4747314453125
Isolated,131,0.97444,1,ILSVRC2012_val_00038719.JPEG,42669,41,105,5.4747314453125
Isolated,132,0.84607,1,ILSVRC2012_val_00032129.JPEG,42669,40,105,5.4747314453125
Isolated,133,0.94603,1,ILSVRC2013_val_00004422.JPEG,42669,73,105,5.4747314453125
Isolated,134,0.94666,1,ILSVRC2012_val_00048104.JPEG,42669,41,105,5.4747314453125
Isolated,135,0.91063,1,ILSVRC2012_val_00006927.JPEG,42669,40,105,5.4747314453125
Isolated,136,0.97427,1,ILSVRC2012_val_00027511.JPEG,42669,39,105,5.4747314453125
Isolated,137,0.97225,1,ILSVRC2012_val_00041342.JPEG,42669,39,105,5.4747314453125
Isolated,138,0.9629,1,ILSVRC2013_val_00003002.JPEG,42669,38,105,5.4747314453125
Isolated,139,0.98016,1,ILSVRC2012_val_00001111.JPEG,42669,39,105,5.4747314453125
Isolated,140,0.794,1,ILSVRC2012_val_00008322.JPEG,42669,39,105,5.4747314453125
Isolated,141,0.9748,1,ILSVRC2012_val_00004996.JPEG,42669,39,105,5.4747314453125
Isolated,142,0.93132,1,ILSVRC2012_val_00020905.JPEG,42669,39,105,5.4747314453125
Isolated,143,0.81342,1,ILSVRC2012_val_00044363.JPEG,42669,39,105,5.4747314453125
Isolated,144,0.93792,1,ILSVRC2012_val_00038628.JPEG,42669,39,105,5.4747314453125
Isolated,145,0.91701,1,ILSVRC2012_val_00038290.JPEG,42669,39,105,5.4747314453125
Isolated,146,0.96465,1,ILSVRC2012_val_00036808.JPEG,42669,38,75,5.206424713134766
Isolated,147,0.9728,1,ILSVRC2012_val_00040468.JPEG,42669,39,75,5.206424713134766
Isolated,148,0.97462,1,ILSVRC2012_val_00029454.JPEG,42669,39,75,5.206424713134766
Isolated,149,0.95076,1,ILSVRC2012_val_00035807.JPEG,42669,39,75,5.206424713134766
Isolated,150,0.96361,1,ILSVRC2012_val_00037580.JPEG,42669,40,75,5.206424713134766
Isolated,151,0.97834,1,ILSVRC2012_val_00010667.JPEG,42669,41,75,5.206424713134766
Isolated,152,0.94763,1,ILSVRC2012_val_00015379.JPEG,42669,39,75,5.206424713134766
Isolated,153,0.93951,1,ILSVRC2012_val_00018857.JPEG,42669,40,75,5.206424713134766
Isolated,154,0.9644,1,ILSVRC2012_val_00000362.JPEG,42669,38,75,5.206424713134766
Isolated,155,0.93193,1,ILSVRC2012_val_00037053.JPEG,42669,41,75,5.206424713134766
Isolated,156,0.96569,1,ILSVRC2012_val_00042212.JPEG,42669,39,75,5.206424713134766
Isolated,157,0.93788,1,ILSVRC2012_val_00029946.JPEG,42669,39,75,5.206424713134766
Isolated,158,0.58869,1,ILSVRC2012_val_00027721.JPEG,42669,41,75,5.206424713134766
Isolated,159,0.97982,1,ILSVRC2012_val_00032580.JPEG,42669,39,75,5.206424713134766
Isolated,160,0.93805,1,ILSVRC2012_val_00017725.JPEG,42669,39,75,5.206424713134766
Isolated,161,0.8976,1,ILSVRC2013_val_00002723.JPEG,42669,41,75,5.206424713134766
Isolated,162,0.9751,1,ILSVRC2012_val_00015307.JPEG,42669,38,75,5.206424713134766
Isolated,163,0.96758,1,ILSVRC2012_val_00031922.JPEG,42669,39,75,5.206424713134766
Isolated,164,0.9633,1,ILSVRC2012_val_00047981.JPEG,42669,38,75,5.206424713134766
Isolated,165,0.90755,1,ILSVRC2012_val_00020861.JPEG,42669,39,75,5.206424713134766
Isolated,166,0.97781,1,ILSVRC2012_val_00018935.JPEG,42669,41,75,5.206424713134766
Isolated,167,0.92101,1,ILSVRC2012_val_00047365.JPEG,42669,39,75,5.206424713134766
Isolated,168,0.97788,1,ILSVRC2012_val_00011428.JPEG,42669,40,75,5.206424713134766
Isolated,169,0.92284,1,ILSVRC2012_val_00042832.JPEG,42669,39,75,5.206424713134766
Isolated,170,0.96323,1,ILSVRC2012_val_00031171.JPEG,42669,39,43,2.585545301437378
Isolated,171,0.97662,1,ILSVRC2012_val_00037454.JPEG,42669,39,43,2.585545301437378
Isolated,172,0.95877,1,ILSVRC2012_val_00015927.JPEG,42669,40,43,2.585545301437378
Isolated,173,0.95839,1,ILSVRC2013_val_00001052.JPEG,42669,39,43,2.585545301437378
Isolated,174,0.94842,1,ILSVRC2013_val_00002410.JPEG,42669,41,43,2.585545301437378
Isolated,175,0.97855,1,ILSVRC2012_val_00021071.JPEG,42669,40,43,2.585545301437378
Isolated,176,0.87093,1,ILSVRC2012_val_00002440.JPEG,42669,39,43,2.585545301437378
Isolated,177,0.99533,1,ILSVRC2012_val_00036179.JPEG,42669,39,43,2.585545301437378
Isolated,178,0.9729,1,ILSVRC2012_val_00012160.JPEG,42669,40,43,2.585545301437378
Isolated,179,0.9741,1,ILSVRC2012_val_00017251.JPEG,42669,39,43,2.585545301437378
Isolated,180,0.8959,1,ILSVRC2012_val_00029118.JPEG,42669,40,43,2.585545301437378
Isolated,181,0.96531,1,ILSVRC2012_val_00037194.JPEG,42669,38,43,2.585545301437378
Isolated,182,0.88856,1,ILSVRC2012_val_00017948.JPEG,42669,40,43,2.585545301437378
Isolated,183,0.96032,1,ILSVRC2012_val_00035444.JPEG,42669,42,43,2.585545301437378
Isolated,184,0.89861,1,ILSVRC2012_val_00020936.JPEG,42669,39,43,2.585545301437378
Isolated,185,0.94816,1,ILSVRC2012_val_00021224.JPEG,42669,39,43,2.585545301437378
Isolated,186,0.96104,1,ILSVRC2012_val_00031251.JPEG,42669,39,43,2.585545301437378
Isolated,187,0.9867,1,ILSVRC2013_val_00002385.JPEG,42669,38,43,2.585545301437378
Isolated,188,0.92225,1,ILSVRC2013_val_00000071.JPEG,42669,39,43,2.585545301437378
Isolated,189,0.96353,1,ILSVRC2012_val_00036067.JPEG,42669,39,43,2.585545301437378
Isolated,190,0.94267,1,ILSVRC2012_val_00036394.JPEG,42669,40,43,2.585545301437378
Isolated,191,0.87919,1,ILSVRC2012_val_00019145.JPEG,42669,41,43,2.585545301437378
Isolated,192,0.97604,1,ILSVRC2012_val_00036238.JPEG,42669,39,43,2.585545301437378
Isolated,193,0.95797,1,ILSVRC2012_val_00039708.JPEG,42669,40,43,2.585545301437378
Isolated,194,0.98713,1,ILSVRC2012_val_00008938.JPEG,42669,37,104,5.058101177215576
Isolated,195,0.94851,1,ILSVRC2012_val_00027224.JPEG,42669,40,104,5.058101177215576
Isolated,196,0.9767,1,ILSVRC2013_val_00003910.JPEG,42669,103,104,5.058101177215576
Isolated,197,0.68098,1,ILSVRC2013_val_00003192.JPEG,42669,41,104,5.058101177215576
Isolated,198,0.93968,1,ILSVRC2012_val_00009590.JPEG,42669,39,104,5.058101177215576
Isolated,199,0.7955,1,ILSVRC2012_val_00018204.JPEG,42669,39,104,5.058101177215576
Isolated,200,0.92551,1,ILSVRC2013_val_00003582.JPEG,42669,40,104,5.058101177215576
Isolated,201,0.65958,1,ILSVRC2013_val_00000209.JPEG,42669,40,104,5.058101177215576
Isolated,202,0.98311,1,ILSVRC2012_val_00007077.JPEG,42669,39,104,5.058101177215576
Isolated,203,0.93294,1,ILSVRC2012_val_00003386.JPEG,42669,39,104,5.058101177215576
Isolated,204,0.92674,1,ILSVRC2012_val_00026327.JPEG,42669,39,104,5.058101177215576
Isolated,205,0.85108,1,ILSVRC2012_val_00023073.JPEG,42669,38,104,5.058101177215576
Isolated,206,0.9087,1,ILSVRC2012_val_00004777.JPEG,42669,38,104,5.058101177215576
Isolated,207,0.92133,1,ILSVRC2012_val_00039439.JPEG,42669,38,104,5.058101177215576
Isolated,208,0.87866,1,ILSVRC2012_val_00020411.JPEG,42669,40,104,5.058101177215576
Isolated,209,0.82411,1,ILSVRC2012_val_00046293.JPEG,42669,39,104,5.058101177215576
Isolated,210,0.97731,1,ILSVRC2012_val_00049201.JPEG,42669,40,104,5.058101177215576
Isolated,211,0.97604,1,ILSVRC2012_val_00017975.JPEG,42669,39,104,5.058101177215576
Isolated,212,0.93294,1,ILSVRC2013_val_00004294.JPEG,42669,39,104,5.058101177215576
Isolated,213,0.94144,1,ILSVRC2013_val_00002570.JPEG,42669,41,104,5.058101177215576
Isolated,214,0.90163,1,ILSVRC2012_val_00027498.JPEG,42669,39,104,5.058101177215576
Isolated,215,0.95426,1,ILSVRC2012_val_00041294.JPEG,42669,40,104,5.058101177215576
Isolated,216,0.973,1,ILSVRC2013_val_00001787.JPEG,42669,38,104,5.058101177215576
Isolated,217,0.96901,1,ILSVRC2012_val_00003760.JPEG,42669,44,104,5.058101177215576
Isolated,218,0.97579,1,ILSVRC2012_val_00009007.JPEG,42669,39,41,2.6224327087402344
Isolated,219,0.9402,1,ILSVRC2012_val_00042156.JPEG,42669,39,41,2.6224327087402344
Isolated,220,0.95986,1,ILSVRC2012_val_00006161.JPEG,42669,39,41,2.6224327087402344
Isolated,221,0.95817,1,ILSVRC2012_val_00011322.JPEG,42669,39,41,2.6224327087402344
Isolated,222,0.62087,1,ILSVRC2013_val_00002186.JPEG,42669,40,41,2.6224327087402344
Isolated,223,0.87444,1,ILSVRC2012_val_00044168.JPEG,42669,40,41,2.6224327087402344
Isolated,224,0.96786,1,ILSVRC2012_val_00004977.JPEG,42669,39,41,2.6224327087402344
Isolated,225,0.97812,1,ILSVRC2012_val_00030727.JPEG,42669,39,41,2.6224327087402344
Isolated,226,0.87642,1,ILSVRC2012_val_00031456.JPEG,42669,39,41,2.6224327087402344
Isolated,227,0.90713,1,ILSVRC2012_val_00042585.JPEG,42669,39,41,2.6224327087402344
Isolated,228,0.95923,1,ILSVRC2012_val_00025775.JPEG,42669,40,41,2.6224327087402344
Isolated,229,0.93471,1,ILSVRC2012_val_00017321.JPEG,42669,39,41,2.6224327087402344
Isolated,230,0.71431,1,ILSVRC2012_val_00029727.JPEG,42669,39,41,2.6224327087402344
Isolated,231,0.94196,1,ILSVRC2012_val_00027917.JPEG,42669,40,41,2.6224327087402344
Isolated,232,0.69797,1,ILSVRC2012_val_00015265.JPEG,42669,40,41,2.6224327087402344
Isolated,233,0.94248,1,ILSVRC2012_val_00035783.JPEG,42669,40,41,2.6224327087402344
Isolated,234,0.9857,1,ILSVRC2012_val_00011158.JPEG,42669,39,41,2.6224327087402344
Isolated,235,0.96864,1,ILSVRC2012_val_00045227.JPEG,42669,39,41,2.6224327087402344
Isolated,236,0.97351,1,ILSVRC2013_val_00002695.JPEG,42669,37,41,2.6224327087402344
Isolated,237,0.97167,1,ILSVRC2012_val_00045581.JPEG,42669,39,41,2.6224327087402344
Isolated,238,0.98086,1,ILSVRC2012_val_00012359.JPEG,42669,39,41,2.6224327087402344
Isolated,239,0.87144,1,ILSVRC2012_val_00020564.JPEG,42669,39,41,2.6224327087402344
Isolated,240,0.9676,1,ILSVRC2012_val_00022029.JPEG,42669,38,41,2.6224327087402344
Isolated,241,0.95674,1,ILSVRC2012_val_00008025.JPEG,42669,38,41,2.6224327087402344
Isolated,242,0.97333,1,ILSVRC2012_val_00006083.JPEG,42669,38,41,2.6224327087402344
Isolated,243,0.96506,1,ILSVRC2012_val_00035107.JPEG,42669,41,42,2.6309661865234375
Isolated,244,0.93257,1,ILSVRC2012_val_00008898.JPEG,42669,39,42,2.6309661865234375
Isolated,245,0.89671,1,ILSVRC2012_val_00026139.JPEG,42669,39,42,2.6309661865234375
Isolated,246,0.9818,1,ILSVRC2012_val_00019932.JPEG,42669,39,42,2.6309661865234375
Isolated,247,0.96261,1,ILSVRC2012_val_00015522.JPEG,42669,40,42,2.6309661865234375
Isolated,248,0.9455,1,ILSVRC2013_val_00002802.JPEG,42669,39,42,2.6309661865234375
Isolated,249,0.97182,1,ILSVRC2012_val_00011175.JPEG,42669,41,42,2.6309661865234375
Isolated,250,0.96746,1,ILSVRC2012_val_00041844.JPEG,42669,39,42,2.6309661865234375
Clustered,1,0.90794,2,ILSVRC2012_val_00016623.JPEG,42669,71,367,21.019428968429565
Clustered,2,0.84797,5,ILSVRC2012_val_00001588.JPEG,42669,177,367,21.019428968429565
Clustered,3,0.92129,3,ILSVRC2012_val_00033089.JPEG,42669,107,367,21.019428968429565
Clustered,4,0.75274,5,ILSVRC2012_val_00001919.JPEG,42669,142,367,21.019428968429565
Clustered,5,0.93254,2,ILSVRC2012_val_00026426.JPEG,42669,71,367,21.019428968429565
Clustered,6,0.85051,2,ILSVRC2012_val_00005307.JPEG,42669,72,367,21.019428968429565
Clustered,7,0.92747,2,ILSVRC2012_val_00023968.JPEG,42669,73,367,21.019428968429565
Clustered,8,0.92731,2,ILSVRC2012_val_00003166.JPEG,42669,74,367,21.019428968429565
Clustered,9,0.96064,2,ILSVRC2012_val_00007267.JPEG,42669,69,367,21.019428968429565
Clustered,10,0.74606,10,ILSVRC2012_val_00022207.JPEG,42669,366,367,21.019428968429565
Clustered,11,0.95384,2,ILSVRC2012_val_00016132.JPEG,42669,71,367,21.019428968429565
Clustered,12,0.65367,12,ILSVRC2012_val_00037259.JPEG,42669,302,367,21.019428968429565
Clustered,13,0.62114,3,ILSVRC2012_val_00005812.JPEG,42669,77,367,21.019428968429565
Clustered,14,0.84651,2,ILSVRC2012_val_00035872.JPEG,42669,71,367,21.019428968429565
Clustered,15,0.96509,2,ILSVRC2012_val_00041932.JPEG,42669,72,367,21.019428968429565
Clustered,16,0.95804,2,ILSVRC2012_val_00012983.JPEG,42669,70,367,21.019428968429565
Clustered,17,0.8599,2,ILSVRC2012_val_00047378.JPEG,42669,72,367,21.019428968429565
Clustered,18,0.89522,2,ILSVRC2012_val_00034230.JPEG,42669,72,367,21.019428968429565
Clustered,19,0.97975,2,ILSVRC2012_val_00002006.JPEG,42669,74,367,21.019428968429565
Clustered,20,0.89308,8,ILSVRC2012_val_00013809.JPEG,42669,447,448,27.33917737007141
Clustered,21,0.92233,2,ILSVRC2012_val_00043092.JPEG,42669,80,448,27.33917737007141
Clustered,22,0.93025,4,ILSVRC2012_val_00028958.JPEG,42669,149,448,27.33917737007141
Clustered,23,0.93745,2,ILSVRC2012_val_00021973.JPEG,42669,72,448,27.33917737007141
Clustered,24,0.9739,2,ILSVRC2012_val_00007073.JPEG,42669,70,448,27.33917737007141
Clustered,25,0.91255,8,ILSVRC2012_val_00049953.JPEG,42669,285,448,27.33917737007141
Clustered,26,0.53147,11,ILSVRC2012_val_00048751.JPEG,42669,320,448,27.33917737007141
Clustered,27,0.73331,4,ILSVRC2012_val_00040503.JPEG,42669,138,448,27.33917737007141
Clustered,28,0.83199,3,ILSVRC2012_val_00037896.JPEG,42669,103,448,27.33917737007141
Clustered,29,0.77318,4,ILSVRC2012_val_00034223.JPEG,42669,137,448,27.33917737007141
Clustered,30,0.76492,3,ILSVRC2012_val_00015207.JPEG,42669,103,448,27.33917737007141
Clustered,31,0.88218,2,ILSVRC2012_val_00007336.JPEG,42669,75,448,27.33917737007141
Clustered,32,0.78446,3,ILSVRC2012_val_00018701.JPEG,42669,71,448,27.33917737007141
Clustered,33,0.84183,4,ILSVRC2012_val_00046898.JPEG,42669,99,448,27.33917737007141
Clustered,34,0.93082,2,ILSVRC2012_val_00014975.JPEG,42669,71,448,27.33917737007141
Clustered,35,0.81799,13,ILSVRC2012_val_00024916.JPEG,42669,427,448,27.33917737007141
Clustered,36,0.94566,2,ILSVRC2012_val_00048055.JPEG,42669,73,448,27.33917737007141
Clustered,37,0.707,2,ILSVRC2013_val_00003398.JPEG,42669,76,448,27.33917737007141
Clustered,38,0.97037,2,ILSVRC2012_val_00016169.JPEG,42669,70,448,27.33917737007141
Clustered,39,0.5773,2,ILSVRC2012_val_00038199.JPEG,42669,75,448,27.33917737007141
Clustered,40,0.86469,3,ILSVRC2012_val_00031411.JPEG,42669,105,448,27.33917737007141
Clustered,41,0.91734,2,ILSVRC2012_val_00032396.JPEG,42669,72,448,27.33917737007141
Clustered,42,0.97301,2,ILSVRC2012_val_00045720.JPEG,42669,71,448,27.33917737007141
Clustered,43,0.90557,2,ILSVRC2012_val_00010884.JPEG,42669,72,267,13.321630239486694
Clustered,44,0.80501,3,ILSVRC2012_val_00007542.JPEG,42669,102,267,13.321630239486694
Clustered,45,0.65831,3,ILSVRC2013_val_00003242.JPEG,42669,76,267,13.321630239486694
Clustered,46,0.8196,2,ILSVRC2012_val_00043615.JPEG,42669,72,267,13.321630239486694
Clustered,47,0.81746,3,ILSVRC2013_val_00000715.JPEG,42669,266,267,13.321630239486694
Clustered,48,0.98497,2,ILSVRC2012_val_00030699.JPEG,42669,71,267,13.321630239486694
Clustered,49,0.9468,2,ILSVRC2012_val_00042136.JPEG,42669,77,267,13.321630239486694
Clustered,50,0.96898,3,ILSVRC2012_val_00027560.JPEG,42669,105,267,13.321630239486694
Clustered,51,0.55173,3,ILSVRC2012_val_00035810.JPEG,42669,72,267,13.321630239486694
Clustered,52,0.6664,3,ILSVRC2013_val_00003831.JPEG,42669,111,267,13.321630239486694
Clustered,53,0.59654,3,ILSVRC2012_val_00047934.JPEG,42669,204,267,13.321630239486694
Clustered,54,0.91773,2,ILSVRC2012_val_00016485.JPEG,42669,77,267,13.321630239486694
Clustered,55,0.52023,2,ILSVRC2012_val_00002515.JPEG,42669,37,267,13.321630239486694
Clustered,56,0.94056,2,ILSVRC2012_val_00034933.JPEG,42669,70,267,13.321630239486694
Clustered,57,0.95367,3,ILSVRC2012_val_00045450.JPEG,42669,108,267,13.321630239486694
Clustered,58,0.85935,2,ILSVRC2012_val_00030271.JPEG,42669,72,267,13.321630239486694
Clustered,59,0.86199,2,ILSVRC2012_val_00032508.JPEG,42669,72,267,13.321630239486694
Clustered,60,0.83277,4,ILSVRC2012_val_00036108.JPEG,42669,141,267,13.321630239486694
Clustered,61,0.92947,2,ILSVRC2012_val_00016304.JPEG,42669,71,267,13.321630239486694
Clustered,62,0.94897,2,ILSVRC2012_val_00035982.JPEG,42669,72,267,13.321630239486694
Clustered,63,0.96146,2,ILSVRC2013_val_00000008.JPEG,42669,71,267,13.321630239486694
Clustered,64,0.79226,2,ILSVRC2012_val_00046599.JPEG,42669,72,267,13.321630239486694
Clustered,65,0.95599,3,ILSVRC2012_val_00026123.JPEG,42669,103,536,28.408668756484985
Clustered,66,0.96799,2,ILSVRC2012_val_00036358.JPEG,42669,78,536,28.408668756484985
Clustered,67,0.52508,3,ILSVRC2012_val_00039266.JPEG,42669,72,536,28.408668756484985
Clustered,68,0.74142,10,ILSVRC2012_val_00020888.JPEG,42669,336,536,28.408668756484985
Clustered,69,0.70428,2,ILSVRC2012_val_00024825.JPEG,42669,71,536,28.408668756484985
Clustered,70,0.94908,2,ILSVRC2012_val_00040285.JPEG,42669,72,536,28.408668756484985
Clustered,71,0.94577,2,ILSVRC2012_val_00029347.JPEG,42669,72,536,28.408668756484985
Clustered,72,0.67578,3,ILSVRC2012_val_00040025.JPEG,42669,136,536,28.408668756484985
Clustered,73,0.89574,4,ILSVRC2012_val_00041846.JPEG,42669,137,536,28.408668756484985
Clustered,74,0.63914,2,ILSVRC2013_val_00004386.JPEG,42669,535,536,28.408668756484985
Clustered,75,0.63642,4,ILSVRC2012_val_00003419.JPEG,42669,321,536,28.408668756484985
Clustered,76,0.84703,3,ILSVRC2012_val_00033890.JPEG,42669,105,536,28.408668756484985
Clustered,77,0.97124,2,ILSVRC2012_val_00026082.JPEG,42669,68,536,28.408668756484985
Clustered,78,0.86751,2,ILSVRC2012_val_00004711.JPEG,42669,72,536,28.408668756484985
Clustered,79,0.97796,2,ILSVRC2012_val_00025490.JPEG,42669,78,536,28.408668756484985
Clustered,80,0.9547,2,ILSVRC2012_val_00013541.JPEG,42669,72,536,28.408668756484985
Clustered,81,0.97308,2,ILSVRC2012_val_00019629.JPEG,42669,74,536,28.408668756484985
Clustered,82,0.96048,2,ILSVRC2012_val_00046021.JPEG,42669,71,536,28.408668756484985
Clustered,83,0.92008,2,ILSVRC2012_val_00000175.JPEG,42669,69,536,28.408668756484985
Clustered,84,0.64773,5,ILSVRC2013_val_00004224.JPEG,42669,105,536,28.408668756484985
Clustered,85,0.97305,2,ILSVRC2012_val_00023511.JPEG,42669,71,536,28.408668756484985
Clustered,86,0.52925,2,ILSVRC2012_val_00024607.JPEG,42669,37,536,28.408668756484985
Clustered,87,0.95034,2,ILSVRC2012_val_00039235.JPEG,42669,72,536,28.408668756484985
Clustered,88,0.80854,3,ILSVRC2013_val_00003811.JPEG,42669,105,314,16.33952569961548
Clustered,89,0.87269,2,ILSVRC2012_val_00015417.JPEG,42669,71,314,16.33952569961548
Clustered,90,0.93386,2,ILSVRC2012_val_00013110.JPEG,42669,70,314,16.33952569961548
Clustered,91,0.94936,2,ILSVRC2012_val_00003237.JPEG,42669,69,314,16.33952569961548
Clustered,92,0.90763,4,ILSVRC2012_val_00025931.JPEG,42669,146,314,16.33952569961548
Clustered,93,0.69264,3,ILSVRC2012_val_00032464.JPEG,42669,104,314,16.33952569961548
Clustered,94,0.62452,3,ILSVRC2012_val_00016905.JPEG,42669,140,314,16.33952569961548
Clustered,95,0.7538,10,ILSVRC2012_val_00028344.JPEG,42669,313,314,16.33952569961548
Clustered,96,0.90679,3,ILSVRC2013_val_00001017.JPEG,42669,102,314,16.33952569961548
Clustered,97,0.7851,8,ILSVRC2012_val_00035964.JPEG,42669,282,314,16.33952569961548
Clustered,98,0.9048,2,ILSVRC2012_val_00014234.JPEG,42669,70,314,16.33952569961548
Clustered,99,0.89954,3,ILSVRC2012_val_00031555.JPEG,42669,101,314,16.33952569961548
Clustered,100,0.96381,2,ILSVRC2012_val_00042184.JPEG,42669,69,314,16.33952569961548
Clustered,101,0.73406,3,ILSVRC2012_val_00032376.JPEG,42669,138,314,16.33952569961548
Clustered,102,0.95184,2,ILSVRC2012_val_00042778.JPEG,42669,72,314,16.33952569961548
Clustered,103,0.96362,2,ILSVRC2012_val_00000495.JPEG,42669,71,314,16.33952569961548
Clustered,104,0.81235,4,ILSVRC2012_val_00045742.JPEG,42669,138,314,16.33952569961548
Clustered,105,0.91341,2,ILSVRC2012_val_00002004.JPEG,42669,71,314,16.33952569961548
Clustered,106,0.92934,3,ILSVRC2012_val_00014679.JPEG,42669,103,347,15.772228479385376
Clustered,107,0.53771,5,ILSVRC2012_val_00024494.JPEG,42669,138,347,15.772228479385376
Clustered,108,0.8284,2,ILSVRC2013_val_00000429.JPEG,42669,134,347,15.772228479385376
Clustered,109,0.97765,3,ILSVRC2012_val_00000799.JPEG,42669,103,347,15.772228479385376
Clustered,110,0.91544,2,ILSVRC2013_val_00000720.JPEG,42669,72,347,15.772228479385376
Clustered,111,0.86918,3,ILSVRC2012_val_00006659.JPEG,42669,103,347,15.772228479385376
Clustered,112,0.95413,2,ILSVRC2012_val_00047497.JPEG,42669,70,347,15.772228479385376
Clustered,113,0.97628,2,ILSVRC2012_val_00000694.JPEG,42669,70,347,15.772228479385376
Clustered,114,0.73689,6,ILSVRC2012_val_00002090.JPEG,42669,263,347,15.772228479385376
Clustered,115,0.80808,3,ILSVRC2013_val_00004012.JPEG,42669,109,347,15.772228479385376
Clustered,116,0.98592,2,ILSVRC2012_val_00009638.JPEG,42669,75,347,15.772228479385376
Clustered,117,0.52371,2,ILSVRC2012_val_00048412.JPEG,42669,39,347,15.772228479385376
Clustered,118,0.93529,2,ILSVRC2012_val_00041168.JPEG,42669,72,347,15.772228479385376
Clustered,119,0.78061,2,ILSVRC2012_val_00022825.JPEG,42669,37,347,15.772228479385376
Clustered,120,0.92256,2,ILSVRC2012_val_00035229.JPEG,42669,72,347,15.772228479385376
Clustered,121,0.96565,2,ILSVRC2012_val_00043920.JPEG,42669,77,347,15.772228479385376
Clustered,122,0.89952,2,ILSVRC2012_val_00033250.JPEG,42669,72,347,15.772228479385376
Clustered,123,0.90139,2,ILSVRC2012_val_00036860.JPEG,42669,72,347,15.772228479385376
Clustered,124,0.65223,7,ILSVRC2012_val_00001251.JPEG,42669,141,800,37.94593811035156
Clustered,125,0.94296,2,ILSVRC2012_val_00046083.JPEG,42669,71,800,37.94593811035156
Clustered,126,0.89574,2,ILSVRC2012_val_00022566.JPEG,42669,71,800,37.94593811035156
Clustered,127,0.95191,4,ILSVRC2012_val_00026504.JPEG,42669,137,800,37.94593811035156
Clustered,128,0.95275,2,ILSVRC2012_val_00033076.JPEG,42669,69,800,37.94593811035156
Clustered,129,0.81944,8,ILSVRC2012_val_00026063.JPEG,42669,286,800,37.94593811035156
Clustered,130,0.84813,3,ILSVRC2012_val_00001537.JPEG,42669,105,800,37.94593811035156
Clustered,131,0.90994,2,ILSVRC2012_val_00037816.JPEG,42669,73,800,37.94593811035156
Clustered,132,0.87885,2,ILSVRC2012_val_00002791.JPEG,42669,71,800,37.94593811035156
Clustered,133,0.59618,4,ILSVRC2012_val_00042933.JPEG,42669,169,800,37.94593811035156
Clustered,134,0.59478,7,ILSVRC2012_val_00030758.JPEG,42669,236,800,37.94593811035156
Clustered,135,0.8994,2,ILSVRC2012_val_00012251.JPEG,42669,72,800,37.94593811035156
Clustered,136,0.56492,4,ILSVRC2012_val_00021630.JPEG,42669,108,800,37.94593811035156
Clustered,137,0.75512,3,ILSVRC2012_val_00017631.JPEG,42669,105,800,37.94593811035156
Clustered,138,0.69825,3,ILSVRC2012_val_00017356.JPEG,42669,108,800,37.94593811035156
Clustered,139,0.81946,3,ILSVRC2013_val_00002022.JPEG,42669,105,800,37.94593811035156
Clustered,140,0.8417,2,ILSVRC2012_val_00002388.JPEG,42669,71,800,37.94593811035156
Clustered,141,0.94389,2,ILSVRC2012_val_00016587.JPEG,42669,74,800,37.94593811035156
Clustered,142,0.96018,2,ILSVRC2012_val_00043936.JPEG,42669,79,800,37.94593811035156
Clustered,143,0.9152,2,ILSVRC2012_val_00005470.JPEG,42669,71,800,37.94593811035156
Clustered,144,0.94823,2,ILSVRC2012_val_00008463.JPEG,42669,71,800,37.94593811035156
Clustered,145,0.89885,7,ILSVRC2012_val_00018692.JPEG,42669,234,800,39.81954646110535
Clustered,146,0.7968,2,ILSVRC2013_val_00000544.JPEG,42669,104,800,39.81954646110535
Clustered,147,0.94536,2,ILSVRC2012_val_00012208.JPEG,42669,75,800,39.81954646110535
Clustered,148,0.55398,3,ILSVRC2012_val_00034439.JPEG,42669,74,800,39.81954646110535
Clustered,149,0.97364,3,ILSVRC2012_val_00020324.JPEG,42669,105,800,39.81954646110535
Clustered,150,0.94784,2,ILSVRC2012_val_00038745.JPEG,42669,70,800,39.81954646110535
Clustered,151,0.92951,2,ILSVRC2012_val_00025983.JPEG,42669,70,800,39.81954646110535
Clustered,152,0.95043,3,ILSVRC2012_val_00010956.JPEG,42669,103,800,39.81954646110535
Clustered,153,0.93835,3,ILSVRC2012_val_00043839.JPEG,42669,103,800,39.81954646110535
Clustered,154,0.87342,2,ILSVRC2012_val_00049801.JPEG,42669,72,800,39.81954646110535
Clustered,155,0.96548,3,ILSVRC2012_val_00018248.JPEG,42669,105,800,39.81954646110535
Clustered,156,0.95457,2,ILSVRC2012_val_00012528.JPEG,42669,71,800,39.81954646110535
Clustered,157,0.92406,2,ILSVRC2012_val_00006476.JPEG,42669,71,800,39.81954646110535
Clustered,158,0.76326,12,ILSVRC2012_val_00046460.JPEG,42669,408,800,39.81954646110535
Clustered,159,0.82809,2,ILSVRC2012_val_00039220.JPEG,42669,70,800,39.81954646110535
Clustered,160,0.97598,2,ILSVRC2012_val_00015768.JPEG,42669,73,800,39.81954646110535
Clustered,161,0.91426,2,ILSVRC2012_val_00004490.JPEG,42669,70,800,39.81954646110535
Clustered,162,0.8998,2,ILSVRC2012_val_00027751.JPEG,42669,72,800,39.81954646110535
Clustered,163,0.8544,2,ILSVRC2013_val_00003532.JPEG,42669,78,800,39.81954646110535
Clustered,164,0.75804,4,ILSVRC2012_val_00036091.JPEG,42669,189,800,39.81954646110535
Clustered,165,0.89346,2,ILSVRC2012_val_00008014.JPEG,42669,73,172,10.422399997711182
Clustered,166,0.92505,2,ILSVRC2012_val_00012644.JPEG,42669,72,172,10.422399997711182
Clustered,167,0.88582,2,ILSVRC2012_val_00010388.JPEG,42669,72,172,10.422399997711182
Clustered,168,0.52782,2,ILSVRC2013_val_00004241.JPEG,42669,39,172,10.422399997711182
Clustered,169,0.91272,2,ILSVRC2012_val_00014472.JPEG,42669,72,172,10.422399997711182
Clustered,170,0.55325,6,ILSVRC2012_val_00043324.JPEG,42669,140,172,10.422399997711182
Clustered,171,0.53477,3,ILSVRC2012_val_00045626.JPEG,42669,71,172,10.422399997711182
Clustered,172,0.95394,2,ILSVRC2012_val_00036344.JPEG,42669,72,172,10.422399997711182
Clustered,173,0.90388,2,ILSVRC2013_val_00004407.JPEG,42669,72,172,10.422399997711182
Clustered,174,0.93318,3,ILSVRC2013_val_00002489.JPEG,42669,107,172,10.422399997711182
Clustered,175,0.91639,2,ILSVRC2012_val_00036275.JPEG,42669,74,172,10.422399997711182
Clustered,176,0.56806,4,ILSVRC2012_val_00031019.JPEG,42669,70,172,10.422399997711182
Clustered,177,0.96422,2,ILSVRC2012_val_00045107.JPEG,42669,72,172,10.422399997711182
Clustered,178,0.89961,3,ILSVRC2012_val_00036302.JPEG,42669,105,172,10.422399997711182
Clustered,179,0.82161,4,ILSVRC2012_val_00019260.JPEG,42669,138,172,10.422399997711182
Clustered,180,0.91863,3,ILSVRC2012_val_00024129.JPEG,42669,105,172,10.422399997711182
Clustered,181,0.8276,6,ILSVRC2012_val_00028624.JPEG,42669,171,172,10.422399997711182
Clustered,182,0.89755,2,ILSVRC2012_val_00007586.JPEG,42669,74,172,10.422399997711182
Clustered,183,0.71185,2,ILSVRC2012_val_00001862.JPEG,42669,37,172,10.422399997711182
Clustered,184,0.82789,2,ILSVRC2012_val_00018898.JPEG,42669,69,176,8.098777770996094
Clustered,185,0.85071,3,ILSVRC2012_val_00049125.JPEG,42669,105,176,8.098777770996094
Clustered,186,0.82729,2,ILSVRC2012_val_00007303.JPEG,42669,72,176,8.098777770996094
Clustered,187,0.86544,2,ILSVRC2013_val_00003670.JPEG,42669,73,176,8.098777770996094
Clustered,188,0.68768,2,ILSVRC2012_val_00003471.JPEG,42669,76,176,8.098777770996094
Clustered,189,0.90866,2,ILSVRC2012_val_00037288.JPEG,42669,72,176,8.098777770996094
Clustered,190,0.61012,3,ILSVRC2012_val_00026720.JPEG,42669,77,176,8.098777770996094
Clustered,191,0.95284,2,ILSVRC2012_val_00004463.JPEG,42669,71,176,8.098777770996094
Clustered,192,0.76467,3,ILSVRC2013_val_00003304.JPEG,42669,105,176,8.098777770996094
Clustered,193,0.7182,2,ILSVRC2012_val_00027527.JPEG,42669,107,176,8.098777770996094
Clustered,194,0.84661,2,ILSVRC2012_val_00008682.JPEG,42669,70,176,8.098777770996094
Clustered,195,0.92741,3,ILSVRC2013_val_00002931.JPEG,42669,103,176,8.098777770996094
Clustered,196,0.88167,4,ILSVRC2012_val_00045637.JPEG,42669,149,176,8.098777770996094
Clustered,197,0.77574,3,ILSVRC2012_val_00027816.JPEG,42669,105,176,8.098777770996094
Clustered,198,0.81472,5,ILSVRC2012_val_00021982.JPEG,42669,169,176,8.098777770996094
Clustered,199,0.76899,6,ILSVRC2012_val_00049013.JPEG,42669,175,176,8.098777770996094
Clustered,200,0.8964,2,ILSVRC2012_val_00032843.JPEG,42669,72,176,8.098777770996094
Clustered,201,0.79565,4,ILSVRC2012_val_00009296.JPEG,42669,140,176,8.098777770996094
Clustered,202,0.90153,2,ILSVRC2012_val_00013517.JPEG,42669,70,176,8.098777770996094
Clustered,203,0.86259,2,ILSVRC2012_val_00001106.JPEG,42669,75,800,37.163846015930176
Clustered,204,0.70286,8,ILSVRC2012_val_00010899.JPEG,42669,308,800,37.163846015930176
Clustered,205,0.52451,3,ILSVRC2012_val_00031290.JPEG,42669,105,800,37.163846015930176
Clustered,206,0.88902,2,ILSVRC2012_val_00014948.JPEG,42669,72,800,37.163846015930176
Clustered,207,0.56463,2,ILSVRC2012_val_00009690.JPEG,42669,39,800,37.163846015930176
Clustered,208,0.91064,3,ILSVRC2013_val_00000722.JPEG,42669,297,800,37.163846015930176
Clustered,209,0.95086,2,ILSVRC2012_val_00043556.JPEG,42669,69,800,37.163846015930176
Clustered,210,0.892,2,ILSVRC2012_val_00014805.JPEG,42669,72,800,37.163846015930176
Clustered,211,0.57568,3,ILSVRC2012_val_00003955.JPEG,42669,109,800,37.163846015930176
Clustered,212,0.87179,3,ILSVRC2012_val_00004208.JPEG,42669,103,800,37.163846015930176
Clustered,213,0.94675,2,ILSVRC2012_val_00026273.JPEG,42669,70,800,37.163846015930176
Clustered,214,0.67002,3,ILSVRC2012_val_00035698.JPEG,42669,74,800,37.163846015930176
Clustered,215,0.9247,3,ILSVRC2012_val_00010099.JPEG,42669,106,800,37.163846015930176
Clustered,216,0.88966,4,ILSVRC2012_val_00043470.JPEG,42669,137,800,37.163846015930176
Clustered,217,0.71262,2,ILSVRC2012_val_00040974.JPEG,42669,74,800,37.163846015930176
Clustered,218,0.82109,3,ILSVRC2012_val_00049268.JPEG,42669,107,800,37.163846015930176
Clustered,219,0.9534,3,ILSVRC2012_val_00008104.JPEG,42669,101,800,37.163846015930176
Clustered,220,0.95438,2,ILSVRC2012_val_00046015.JPEG,42669,71,800,37.163846015930176
Clustered,221,0.88225,2,ILSVRC2012_val_00037303.JPEG,42669,71,800,37.163846015930176
Clustered,222,0.94748,2,ILSVRC2012_val_00049056.JPEG,42669,104,800,37.163846015930176
Clustered,223,0.53392,8,ILSVRC2012_val_00025262.JPEG,42669,237,800,37.163846015930176
Clustered,224,0.89964,4,ILSVRC2012_val_00015048.JPEG,42669,137,198,9.722787618637085
Clustered,225,0.97745,2,ILSVRC2012_val_00028222.JPEG,42669,71,198,9.722787618637085
Clustered,226,0.93762,3,ILSVRC2012_val_00024969.JPEG,42669,105,198,9.722787618637085
Clustered,227,0.77799,5,ILSVRC2012_val_00030718.JPEG,42669,175,198,9.722787618637085
Clustered,228,0.88289,4,ILSVRC2013_val_00003328.JPEG,42669,139,198,9.722787618637085
Clustered,229,0.85286,2,ILSVRC2013_val_00001071.JPEG,42669,72,198,9.722787618637085
Clustered,230,0.65701,2,ILSVRC2012_val_00036052.JPEG,42669,105,198,9.722787618637085
Clustered,231,0.63162,2,ILSVRC2012_val_00048250.JPEG,42669,39,198,9.722787618637085
Clustered,232,0.8991,3,ILSVRC2012_val_00001764.JPEG,42669,105,198,9.722787618637085
Clustered,233,0.89718,3,ILSVRC2012_val_00021149.JPEG,42669,109,198,9.722787618637085
Clustered,234,0.95284,2,ILSVRC2012_val_00034574.JPEG,42669,72,198,9.722787618637085
Clustered,235,0.71148,2,ILSVRC2012_val_00028225.JPEG,42669,72,198,9.722787618637085
Clustered,236,0.93964,2,ILSVRC2012_val_00044485.JPEG,42669,71,198,9.722787618637085
Clustered,237,0.72373,2,ILSVRC2012_val_00046149.JPEG,42669,71,198,9.722787618637085
Clustered,238,0.97724,2,ILSVRC2012_val_00021801.JPEG,42669,72,198,9.722787618637085
Clustered,239,0.89517,2,ILSVRC2012_val_00012309.JPEG,42669,72,198,9.722787618637085
Clustered,240,0.81811,4,ILSVRC2012_val_00025179.JPEG,42669,197,198,9.722787618637085
Clustered,241,0.84004,3,ILSVRC2012_val_00015933.JPEG,42669,104,198,9.722787618637085
Clustered,242,0.95815,2,ILSVRC2012_val_00046614.JPEG,42669,73,198,9.722787618637085
Clustered,243,0.89552,3,ILSVRC2012_val_00017786.JPEG,42669,108,198,9.722787618637085
Clustered,244,0.76058,2,ILSVRC2012_val_00014902.JPEG,42669,108,198,9.722787618637085
Clustered,245,0.72753,3,ILSVRC2012_val_00011052.JPEG,42669,104,800,43.278422832489014
Clustered,246,0.69716,5,ILSVRC2013_val_00000075.JPEG,42669,230,800,43.278422832489014
Clustered,247,0.86659,3,ILSVRC2012_val_00029087.JPEG,42669,108,800,43.278422832489014
Clustered,248,0.93462,2,ILSVRC2012_val_00023021.JPEG,42669,70,800,43.278422832489014
Clustered,249,0.89645,2,ILSVRC2012_val_00035940.JPEG,42669,72,800,43.278422832489014
Clustered,250,0.96013,2,ILSVRC2012_val_00018928.JPEG,42669,68,800,43.278422832489014
Mixed,1,0.92092,3,ILSVRC2012_val_00026174.JPEG,42669,107,800,35.58571243286133
Mixed,2,0.94973,3,ILSVRC2012_val_00021825.JPEG,42669,107,800,35.58571243286133
Mixed,3,0.84824,7,ILSVRC2013_val_00001445.JPEG,42669,300,800,35.58571243286133
Mixed,4,0.74087,3,ILSVRC2012_val_00002254.JPEG,42669,173,800,35.58571243286133
Mixed,5,0.72696,2,ILSVRC2012_val_00045126.JPEG,42669,72,800,35.58571243286133
Mixed,6,0.64876,2,ILSVRC2012_val_00013591.JPEG,42669,73,800,35.58571243286133
Mixed,7,0.94241,4,ILSVRC2012_val_00001646.JPEG,42669,136,800,35.58571243286133
Mixed,8,0.90057,2,ILSVRC2012_val_00008328.JPEG,42669,71,800,35.58571243286133
Mixed,9,0.54719,8,ILSVRC2012_val_00013800.JPEG,42669,533,800,35.58571243286133
Mixed,10,0.71926,12,ILSVRC2012_val_00049219.JPEG,42669,545,800,35.58571243286133
Mixed,11,0.8409,5,ILSVRC2012_val_00021675.JPEG,42669,173,800,35.58571243286133
Mixed,12,0.6609,4,ILSVRC2012_val_00026732.JPEG,42669,110,800,35.58571243286133
Mixed,13,0.63501,5,ILSVRC2012_val_00044999.JPEG,42669,139,800,35.58571243286133
Mixed,14,0.91761,8,ILSVRC2012_val_00014811.JPEG,42669,359,800,35.58571243286133
Mixed,15,0.58075,6,ILSVRC2013_val_00002393.JPEG,42669,138,800,35.58571243286133
Mixed,16,0.95024,2,ILSVRC2012_val_00037403.JPEG,42669,74,800,35.58571243286133
Mixed,17,0.87632,2,ILSVRC2012_val_00001827.JPEG,42669,107,800,35.58571243286133
Mixed,18,0.85253,2,ILSVRC2012_val_00005059.JPEG,42669,72,800,35.58571243286133
Mixed,19,0.8087,4,ILSVRC2012_val_00023682.JPEG,42669,140,800,35.58571243286133
Mixed,20,0.5517,5,ILSVRC2013_val_00002098.JPEG,42669,237,800,35.58571243286133
Mixed,21,0.81762,4,ILSVRC2012_val_00030001.JPEG,42669,144,510,22.87551975250244
Mixed,22,0.67761,4,ILSVRC2012_val_00002773.JPEG,42669,264,510,22.87551975250244
Mixed,23,0.70239,4,ILSVRC2012_val_00043500.JPEG,42669,106,510,22.87551975250244
Mixed,24,0.69561,13,ILSVRC2012_val_00005962.JPEG,42669,509,510,22.87551975250244
Mixed,25,0.84339,3,ILSVRC2013_val_00003199.JPEG,42669,104,510,22.87551975250244
Mixed,26,0.6666,5,ILSVRC2013_val_00000810.JPEG,42669,139,510,22.87551975250244
Mixed,27,0.81644,3,ILSVRC2012_val_00017980.JPEG,42669,138,510,22.87551975250244
Mixed,28,0.51543,4,ILSVRC2013_val_00002552.JPEG,42669,107,510,22.87551975250244
Mixed,29,0.9681,2,ILSVRC2012_val_00019076.JPEG,42669,73,510,22.87551975250244
Mixed,30,0.59006,6,ILSVRC2012_val_00014511.JPEG,42669,172,510,22.87551975250244
Mixed,31,0.56594,3,ILSVRC2012_val_00032382.JPEG,42669,171,510,22.87551975250244
Mixed,32,0.9161,4,ILSVRC2012_val_00017142.JPEG,42669,172,510,22.87551975250244
Mixed,33,0.79363,2,ILSVRC2013_val_00002364.JPEG,42669,70,510,22.87551975250244
Mixed,34,0.80819,8,ILSVRC2012_val_00036695.JPEG,42669,261,510,22.87551975250244
Mixed,35,0.90622,3,ILSVRC2012_val_00033958.JPEG,42669,134,510,22.87551975250244
Mixed,36,0.72204,4,ILSVRC2012_val_00037435.JPEG,42669,171,510,22.87551975250244
Mixed,37,0.73123,5,ILSVRC2012_val_00044693.JPEG,42669,204,510,22.87551975250244
Mixed,38,0.82559,3,ILSVRC2012_val_00005426.JPEG,42669,108,510,22.87551975250244
Mixed,39,0.58128,6,ILSVRC2012_val_00015680.JPEG,42669,200,510,22.87551975250244
Mixed,40,0.95802,2,ILSVRC2012_val_00018551.JPEG,42669,68,510,22.87551975250244
Mixed,41,0.80416,2,ILSVRC2013_val_00001796.JPEG,42669,73,510,22.87551975250244
Mixed,42,0.94977,4,ILSVRC2012_val_00010967.JPEG,42669,136,800,36.83818030357361
Mixed,43,0.71554,5,ILSVRC2013_val_00003692.JPEG,42669,199,800,36.83818030357361
Mixed,44,0.83064,4,ILSVRC2012_val_00044861.JPEG,42669,139,800,36.83818030357361
Mixed,45,0.71207,3,ILSVRC2013_val_00004452.JPEG,42669,104,800,36.83818030357361
Mixed,46,0.70392,3,ILSVRC2013_val_00000435.JPEG,42669,203,800,36.83818030357361
Mixed,47,0.75369,10,ILSVRC2012_val_00008427.JPEG,42669,340,800,36.83818030357361
Mixed,48,0.91427,2,ILSVRC2012_val_00039467.JPEG,42669,70,800,36.83818030357361
Mixed,49,0.88569,2,ILSVRC2012_val_00002555.JPEG,42669,74,800,36.83818030357361
Mixed,50,0.73595,3,ILSVRC2012_val_00034039.JPEG,42669,102,800,36.83818030357361
Mixed,51,0.61953,7,ILSVRC2013_val_00004063.JPEG,42669,310,800,36.83818030357361
Mixed,52,0.55424,6,ILSVRC2012_val_00026651.JPEG,42669,564,800,36.83818030357361
Mixed,53,0.79825,2,ILSVRC2012_val_00036050.JPEG,42669,72,800,36.83818030357361
Mixed,54,0.81453,10,ILSVRC2012_val_00024633.JPEG,42669,311,800,36.83818030357361
Mixed,55,0.88861,4,ILSVRC2012_val_00006373.JPEG,42669,136,800,36.83818030357361
Mixed,56,0.8357,5,ILSVRC2012_val_00020976.JPEG,42669,305,800,36.83818030357361
Mixed,57,0.89857,2,ILSVRC2012_val_00019128.JPEG,42669,72,800,36.83818030357361
Mixed,58,0.90677,2,ILSVRC2012_val_00027328.JPEG,42669,69,800,36.83818030357361
Mixed,59,0.95246,2,ILSVRC2012_val_00002355.JPEG,42669,74,800,36.83818030357361
Mixed,60,0.96078,3,ILSVRC2012_val_00017141.JPEG,42669,532,800,36.83818030357361
Mixed,61,0.86873,3,ILSVRC2012_val_00016879.JPEG,42669,107,800,36.83818030357361
Mixed,62,0.9551,2,ILSVRC2012_val_00047609.JPEG,42669,72,800,36.50144147872925
Mixed,63,0.88802,2,ILSVRC2012_val_00047962.JPEG,42669,105,800,36.50144147872925
Mixed,64,0.55383,6,ILSVRC2012_val_00035374.JPEG,42669,140,800,36.50144147872925
Mixed,65,0.55231,3,ILSVRC2012_val_00025619.JPEG,42669,137,800,36.50144147872925
Mixed,66,0.88344,3,ILSVRC2012_val_00024687.JPEG,42669,109,800,36.50144147872925
Mixed,67,0.92959,3,ILSVRC2012_val_00031511.JPEG,42669,101,800,36.50144147872925
Mixed,68,0.87429,3,ILSVRC2012_val_00036218.JPEG,42669,106,800,36.50144147872925
Mixed,69,0.79396,2,ILSVRC2012_val_00033027.JPEG,42669,70,800,36.50144147872925
Mixed,70,0.53866,3,ILSVRC2012_val_00000678.JPEG,42669,70,800,36.50144147872925
Mixed,71,0.82052,5,ILSVRC2012_val_00031329.JPEG,42669,170,800,36.50144147872925
Mixed,72,0.9623,4,ILSVRC2012_val_00024624.JPEG,42669,134,800,36.50144147872925
Mixed,73,0.76252,9,ILSVRC2013_val_00003054.JPEG,42669,406,800,36.50144147872925
Mixed,74,0.68244,4,ILSVRC2013_val_00003954.JPEG,42669,140,800,36.50144147872925
Mixed,75,0.68153,2,ILSVRC2012_val_00026947.JPEG,42669,70,800,36.50144147872925
Mixed,76,0.67007,3,ILSVRC2012_val_00003519.JPEG,42669,140,800,36.50144147872925
Mixed,77,0.80067,2,ILSVRC2013_val_00003762.JPEG,42669,74,800,36.50144147872925
Mixed,78,0.68797,3,ILSVRC2013_val_00003731.JPEG,42669,108,800,36.50144147872925
Mixed,79,0.89068,2,ILSVRC2012_val_00019181.JPEG,42669,75,800,36.50144147872925
Mixed,80,0.94771,2,ILSVRC2013_val_00000657.JPEG,42669,73,800,36.50144147872925
Mixed,81,0.87226,2,ILSVRC2012_val_00035607.JPEG,42669,72,800,36.50144147872925
Mixed,82,0.95174,2,ILSVRC2012_val_00021532.JPEG,42669,71,478,21.309927940368652
Mixed,83,0.90597,6,ILSVRC2012_val_00013471.JPEG,42669,205,478,21.309927940368652
Mixed,84,0.7224,3,ILSVRC2012_val_00001166.JPEG,42669,110,478,21.309927940368652
Mixed,85,0.52484,3,ILSVRC2012_val_00024324.JPEG,42669,73,478,21.309927940368652
Mixed,86,0.54001,4,ILSVRC2012_val_00039308.JPEG,42669,140,478,21.309927940368652
Mixed,87,0.6946,3,ILSVRC2012_val_00037570.JPEG,42669,107,478,21.309927940368652
Mixed,88,0.67375,7,ILSVRC2012_val_00019375.JPEG,42669,269,478,21.309927940368652
Mixed,89,0.79284,3,ILSVRC2012_val_00016217.JPEG,42669,107,478,21.309927940368652
Mixed,90,0.91233,2,ILSVRC2012_val_00016079.JPEG,42669,69,478,21.309927940368652
Mixed,91,0.8153,5,ILSVRC2012_val_00044290.JPEG,42669,178,478,21.309927940368652
Mixed,92,0.66558,4,ILSVRC2013_val_00003777.JPEG,42669,173,478,21.309927940368652
Mixed,93,0.55941,2,ILSVRC2012_val_00018715.JPEG,42669,204,478,21.309927940368652
Mixed,94,0.688,7,ILSVRC2012_val_00015877.JPEG,42669,381,478,21.309927940368652
Mixed,95,0.87402,7,ILSVRC2012_val_00015937.JPEG,42669,248,478,21.309927940368652
Mixed,96,0.6918,6,ILSVRC2012_val_00000659.JPEG,42669,334,478,21.309927940368652
Mixed,97,0.97657,2,ILSVRC2012_val_00046449.JPEG,42669,74,478,21.309927940368652
Mixed,98,0.80481,2,ILSVRC2012_val_00045855.JPEG,42669,72,478,21.309927940368652
Mixed,99,0.73744,5,ILSVRC2012_val_00001093.JPEG,42669,335,478,21.309927940368652
Mixed,100,0.8866,3,ILSVRC2012_val_00022024.JPEG,42669,105,478,21.309927940368652
Mixed,101,0.94326,2,ILSVRC2012_val_00003089.JPEG,42669,73,478,21.309927940368652
Mixed,102,0.60596,5,ILSVRC2013_val_00002538.JPEG,42669,137,478,21.309927940368652
Mixed,103,0.87792,2,ILSVRC2012_val_00003673.JPEG,42669,74,478,21.309927940368652
Mixed,104,0.62666,8,ILSVRC2012_val_00006461.JPEG,42669,477,478,21.309927940368652
Mixed,105,0.5543,9,ILSVRC2012_val_00017047.JPEG,42669,272,800,39.230992794036865
Mixed,106,0.84387,2,ILSVRC2012_val_00042801.JPEG,42669,172,800,39.230992794036865
Mixed,107,0.95927,2,ILSVRC2012_val_00019017.JPEG,42669,70,800,39.230992794036865
Mixed,108,0.57355,3,ILSVRC2012_val_00046459.JPEG,42669,74,800,39.230992794036865
Mixed,109,0.83292,5,ILSVRC2012_val_00026247.JPEG,42669,171,800,39.230992794036865
Mixed,110,0.82574,5,ILSVRC2012_val_00044795.JPEG,42669,201,800,39.230992794036865
Mixed,111,0.83932,3,ILSVRC2013_val_00003503.JPEG,42669,106,800,39.230992794036865
Mixed,112,0.90035,2,ILSVRC2013_val_00003266.JPEG,42669,71,800,39.230992794036865
Mixed,113,0.96024,2,ILSVRC2012_val_00008344.JPEG,42669,74,800,39.230992794036865
Mixed,114,0.78301,3,ILSVRC2012_val_00044448.JPEG,42669,139,800,39.230992794036865
Mixed,115,0.70928,6,ILSVRC2012_val_00037234.JPEG,42669,208,800,39.230992794036865
Mixed,116,0.86875,2,ILSVRC2012_val_00016095.JPEG,42669,100,800,39.230992794036865
Mixed,117,0.92015,2,ILSVRC2012_val_00027572.JPEG,42669,71,800,39.230992794036865
Mixed,118,0.78171,5,ILSVRC2012_val_00007359.JPEG,42669,240,800,39.230992794036865
Mixed,119,0.95135,2,ILSVRC2012_val_00041978.JPEG,42669,71,800,39.230992794036865
Mixed,120,0.56081,10,ILSVRC2012_val_00032722.JPEG,42669,409,800,39.230992794036865
Mixed,121,0.74895,3,ILSVRC2012_val_00017793.JPEG,42669,107,800,39.230992794036865
Mixed,122,0.92013,2,ILSVRC2012_val_00024231.JPEG,42669,73,800,39.230992794036865
Mixed,123,0.69209,3,ILSVRC2012_val_00032891.JPEG,42669,102,800,39.230992794036865
Mixed,124,0.66851,3,ILSVRC2013_val_00000018.JPEG,42669,107,800,39.230992794036865
Mixed,125,0.61537,8,ILSVRC2012_val_00011928.JPEG,42669,208,667,31.889951467514038
Mixed,126,0.74547,4,ILSVRC2012_val_00013191.JPEG,42669,140,667,31.889951467514038
Mixed,127,0.79266,4,ILSVRC2012_val_00031730.JPEG,42669,137,667,31.889951467514038
Mixed,128,0.6213,5,ILSVRC2013_val_00000758.JPEG,42669,206,667,31.889951467514038
Mixed,129,0.95118,3,ILSVRC2012_val_00038678.JPEG,42669,170,667,31.889951467514038
Mixed,130,0.94213,3,ILSVRC2012_val_00019756.JPEG,42669,107,667,31.889951467514038
Mixed,131,0.91486,2,ILSVRC2012_val_00013706.JPEG,42669,72,667,31.889951467514038
Mixed,132,0.81401,6,ILSVRC2012_val_00034327.JPEG,42669,300,667,31.889951467514038
Mixed,133,0.98487,2,ILSVRC2012_val_00010890.JPEG,42669,69,667,31.889951467514038
Mixed,134,0.74699,3,ILSVRC2013_val_00000617.JPEG,42669,74,667,31.889951467514038
Mixed,135,0.91661,3,ILSVRC2012_val_00013551.JPEG,42669,168,667,31.889951467514038
Mixed,136,0.87556,3,ILSVRC2012_val_00015169.JPEG,42669,169,667,31.889951467514038
Mixed,137,0.65853,5,ILSVRC2013_val_00000842.JPEG,42669,141,667,31.889951467514038
Mixed,138,0.91238,2,ILSVRC2012_val_00040891.JPEG,42669,71,667,31.889951467514038
Mixed,139,0.96213,3,ILSVRC2012_val_00010762.JPEG,42669,106,667,31.889951467514038
Mixed,140,0.91613,6,ILSVRC2012_val_00049063.JPEG,42669,194,667,31.889951467514038
Mixed,141,0.67755,6,ILSVRC2012_val_00049388.JPEG,42669,210,667,31.889951467514038
Mixed,142,0.74562,3,ILSVRC2012_val_00034938.JPEG,42669,105,667,31.889951467514038
Mixed,143,0.81019,4,ILSVRC2013_val_00002183.JPEG,42669,139,667,31.889951467514038
Mixed,144,0.73347,3,ILSVRC2012_val_00047550.JPEG,42669,140,667,31.889951467514038
Mixed,145,0.80389,7,ILSVRC2012_val_00038848.JPEG,42669,238,667,31.889951467514038
Mixed,146,0.76629,5,ILSVRC2013_val_00001534.JPEG,42669,176,667,31.889951467514038
Mixed,147,0.67683,10,ILSVRC2013_val_00001301.JPEG,42669,666,667,31.889951467514038
Mixed,148,0.78263,2,ILSVRC2012_val_00038813.JPEG,42669,74,800,36.95604181289673
Mixed,149,0.97087,2,ILSVRC2012_val_00025423.JPEG,42669,69,800,36.95604181289673
Mixed,150,0.71874,3,ILSVRC2012_val_00041626.JPEG,42669,104,800,36.95604181289673
Mixed,151,0.79366,8,ILSVRC2012_val_00006253.JPEG,42669,608,800,36.95604181289673
Mixed,152,0.86237,4,ILSVRC2012_val_00008276.JPEG,42669,175,800,36.95604181289673
Mixed,153,0.93592,2,ILSVRC2012_val_00011671.JPEG,42669,70,800,36.95604181289673
Mixed,154,0.79467,2,ILSVRC2012_val_00005687.JPEG,42669,71,800,36.95604181289673
Mixed,155,0.97688,2,ILSVRC2012_val_00005507.JPEG,42669,72,800,36.95604181289673
Mixed,156,0.8914,3,ILSVRC2012_val_00019216.JPEG,42669,106,800,36.95604181289673
Mixed,157,0.53743,4,ILSVRC2012_val_00002977.JPEG,42669,339,800,36.95604181289673
Mixed,158,0.57592,3,ILSVRC2012_val_00036936.JPEG,42669,108,800,36.95604181289673
Mixed,159,0.84946,11,ILSVRC2012_val_00019087.JPEG,42669,390,800,36.95604181289673
Mixed,160,0.69922,6,ILSVRC2013_val_00003356.JPEG,42669,210,800,36.95604181289673
Mixed,161,0.78373,4,ILSVRC2013_val_00003593.JPEG,42669,143,800,36.95604181289673
Mixed,162,0.75712,3,ILSVRC2013_val_00004116.JPEG,42669,72,800,36.95604181289673
Mixed,163,0.62594,13,ILSVRC2012_val_00007438.JPEG,42669,775,800,36.95604181289673
Mixed,164,0.8213,3,ILSVRC2012_val_00008382.JPEG,42669,131,800,36.95604181289673
Mixed,165,0.90369,3,ILSVRC2012_val_00035309.JPEG,42669,103,800,36.95604181289673
Mixed,166,0.76579,11,ILSVRC2012_val_00001406.JPEG,42669,332,800,36.95604181289673
Mixed,167,0.92448,2,ILSVRC2013_val_00002431.JPEG,42669,73,800,36.95604181289673
Mixed,168,0.77892,6,ILSVRC2012_val_00026817.JPEG,42669,205,800,36.95604181289673
Mixed,169,0.97445,2,ILSVRC2012_val_00007591.JPEG,42669,70,800,48.658488273620605
Mixed,170,0.68895,4,ILSVRC2012_val_00045152.JPEG,42669,143,800,48.658488273620605
Mixed,171,0.7441,5,ILSVRC2012_val_00021838.JPEG,42669,172,800,48.658488273620605
Mixed,172,0.77715,3,ILSVRC2012_val_00034365.JPEG,42669,139,800,48.658488273620605
Mixed,173,0.97025,2,ILSVRC2012_val_00036814.JPEG,42669,71,800,48.658488273620605
Mixed,174,0.85303,3,ILSVRC2013_val_00003324.JPEG,42669,109,800,48.658488273620605
Mixed,175,0.60229,3,ILSVRC2013_val_00001659.JPEG,42669,171,800,48.658488273620605
Mixed,176,0.62131,6,ILSVRC2012_val_00029200.JPEG,42669,135,800,48.658488273620605
Mixed,177,0.66043,3,ILSVRC2012_val_00048300.JPEG,42669,109,800,48.658488273620605
Mixed,178,0.63578,4,ILSVRC2012_val_00047487.JPEG,42669,100,800,48.658488273620605
Mixed,179,0.57656,4,ILSVRC2013_val_00001325.JPEG,42669,178,800,48.658488273620605
Mixed,180,0.93535,2,ILSVRC2012_val_00010611.JPEG,42669,73,800,48.658488273620605
Mixed,181,0.60684,3,ILSVRC2012_val_00019000.JPEG,42669,106,800,48.658488273620605
Mixed,182,0.76359,6,ILSVRC2013_val_00002797.JPEG,42669,170,800,48.658488273620605
Mixed,183,0.59423,22,ILSVRC2013_val_00003841.JPEG,42669,515,800,48.658488273620605
Mixed,184,0.97016,2,ILSVRC2012_val_00012279.JPEG,42669,72,800,48.658488273620605
Mixed,185,0.88735,3,ILSVRC2012_val_00000909.JPEG,42669,106,800,48.658488273620605
Mixed,186,0.94018,3,ILSVRC2012_val_00023076.JPEG,42669,101,800,48.658488273620605
Mixed,187,0.95403,4,ILSVRC2012_val_00007632.JPEG,42669,135,800,48.658488273620605
Mixed,188,0.54756,5,ILSVRC2013_val_00000520.JPEG,42669,168,800,48.658488273620605
Mixed,189,0.96096,2,ILSVRC2013_val_00003464.JPEG,42669,104,800,48.658488273620605
Mixed,190,0.9144,2,ILSVRC2012_val_00002547.JPEG,42669,73,800,37.214245557785034
Mixed,191,0.9736,2,ILSVRC2012_val_00039812.JPEG,42669,68,800,37.214245557785034
Mixed,192,0.72493,2,ILSVRC2012_val_00002075.JPEG,42669,71,800,37.214245557785034
Mixed,193,0.63199,9,ILSVRC2013_val_00002354.JPEG,42669,569,800,37.214245557785034
Mixed,194,0.85303,5,ILSVRC2012_val_00000673.JPEG,42669,170,800,37.214245557785034
Mixed,195,0.90151,6,ILSVRC2012_val_00026485.JPEG,42669,209,800,37.214245557785034
Mixed,196,0.95743,2,ILSVRC2012_val_00020819.JPEG,42669,71,800,37.214245557785034
Mixed,197,0.95142,2,ILSVRC2012_val_00034931.JPEG,42669,70,800,37.214245557785034
Mixed,198,0.62324,3,ILSVRC2012_val_00020862.JPEG,42669,73,800,37.214245557785034
Mixed,199,0.78132,4,ILSVRC2012_val_00008234.JPEG,42669,140,800,37.214245557785034
Mixed,200,0.77934,3,ILSVRC2013_val_00002633.JPEG,42669,108,800,37.214245557785034
Mixed,201,0.80537,2,ILSVRC2013_val_00000644.JPEG,42669,74,800,37.214245557785034
Mixed,202,0.57989,3,ILSVRC2012_val_00043526.JPEG,42669,111,800,37.214245557785034
Mixed,203,0.67475,4,ILSVRC2012_val_00009968.JPEG,42669,205,800,37.214245557785034
Mixed,204,0.53881,2,ILSVRC2012_val_00017895.JPEG,42669,71,800,37.214245557785034
Mixed,205,0.88408,2,ILSVRC2012_val_00002077.JPEG,42669,74,800,37.214245557785034
Mixed,206,0.76055,8,ILSVRC2012_val_00020877.JPEG,42669,232,800,37.214245557785034
Mixed,207,0.76002,3,ILSVRC2012_val_00016648.JPEG,42669,74,800,37.214245557785034
Mixed,208,0.7251,11,ILSVRC2012_val_00033508.JPEG,42669,561,800,37.214245557785034
Mixed,209,0.83819,3,ILSVRC2013_val_00002739.JPEG,42669,102,800,37.214245557785034
Mixed,210,0.83949,4,ILSVRC2012_val_00018624.JPEG,42669,134,800,42.206008195877075
Mixed,211,0.95141,3,ILSVRC2012_val_00021517.JPEG,42669,106,800,42.206008195877075
Mixed,212,0.95038,2,ILSVRC2012_val_00048581.JPEG,42669,72,800,42.206008195877075
Mixed,213,0.84267,5,ILSVRC2012_val_00043277.JPEG,42669,169,800,42.206008195877075
Mixed,214,0.79365,4,ILSVRC2012_val_00036621.JPEG,42669,142,800,42.206008195877075
Mixed,215,0.74439,2,ILSVRC2012_val_00032274.JPEG,42669,73,800,42.206008195877075
Mixed,216,0.67522,4,ILSVRC2012_val_00044215.JPEG,42669,139,800,42.206008195877075
Mixed,217,0.79889,2,ILSVRC2012_val_00017255.JPEG,42669,70,800,42.206008195877075
Mixed,218,0.84588,3,ILSVRC2012_val_00033272.JPEG,42669,105,800,42.206008195877075
Mixed,219,0.95112,3,ILSVRC2012_val_00026610.JPEG,42669,104,800,42.206008195877075
Mixed,220,0.93262,2,ILSVRC2012_val_00022333.JPEG,42669,72,800,42.206008195877075
Mixed,221,0.84308,3,ILSVRC2012_val_00018591.JPEG,42669,105,800,42.206008195877075
Mixed,222,0.76289,2,ILSVRC2012_val_00038289.JPEG,42669,71,800,42.206008195877075
Mixed,223,0.66179,11,ILSVRC2012_val_00033136.JPEG,42669,378,800,42.206008195877075
Mixed,224,0.76036,7,ILSVRC2012_val_00003715.JPEG,42669,206,800,42.206008195877075
Mixed,225,0.91221,2,ILSVRC2012_val_00010702.JPEG,42669,71,800,42.206008195877075
Mixed,226,0.52312,5,ILSVRC2013_val_00000886.JPEG,42669,171,800,41.17986011505127
Mixed,227,0.90269,4,ILSVRC2012_val_00024175.JPEG,42669,141,800,41.17986011505127
Mixed,228,0.53747,13,ILSVRC2012_val_00047549.JPEG,42669,370,800,41.17986011505127
Mixed,229,0.96183,2,ILSVRC2012_val_00027829.JPEG,42669,70,800,41.17986011505127
Mixed,230,0.67853,2,ILSVRC2012_val_00035858.JPEG,42669,71,800,41.17986011505127
Mixed,231,0.67651,4,ILSVRC2012_val_00028596.JPEG,42669,105,800,41.17986011505127
Mixed,232,0.62769,3,ILSVRC2012_val_00027140.JPEG,42669,100,800,41.17986011505127
Mixed,233,0.53215,2,ILSVRC2013_val_00003237.JPEG,42669,140,800,41.17986011505127
Mixed,234,0.51044,3,ILSVRC2012_val_00040114.JPEG,42669,73,800,41.17986011505127
Mixed,235,0.9734,2,ILSVRC2012_val_00043349.JPEG,42669,68,800,41.17986011505127
Mixed,236,0.65879,2,ILSVRC2012_val_00043811.JPEG,42669,72,800,41.17986011505127
Mixed,237,0.71634,9,ILSVRC2012_val_00012692.JPEG,42669,344,800,41.17986011505127
Mixed,238,0.84301,2,ILSVRC2012_val_00046990.JPEG,42669,73,800,41.17986011505127
Mixed,239,0.51859,2,ILSVRC2012_val_00031852.JPEG,42669,103,800,41.17986011505127
Mixed,240,0.65853,3,ILSVRC2012_val_00014058.JPEG,42669,202,800,41.17986011505127
Mixed,241,0.95843,2,ILSVRC2012_val_00031836.JPEG,42669,101,800,41.17986011505127
Mixed,242,0.78197,3,ILSVRC2012_val_00049750.JPEG,42669,105,800,41.17986011505127
Mixed,243,0.54216,8,ILSVRC2012_val_00015160.JPEG,42669,273,800,41.17986011505127
Mixed,244,0.82841,3,ILSVRC2013_val_00003755.JPEG,42669,105,800,41.17986011505127
Mixed,245,0.91595,3,ILSVRC2012_val_00002289.JPEG,42669,105,800,41.17986011505127
Mixed,246,0.91841,2,ILSVRC2012_val_00006073.JPEG,42669,73,800,43.315924644470215
Mixed,247,0.65129,3,ILSVRC2012_val_00024517.JPEG,42669,108,800,43.315924644470215
Mixed,248,0.70618,6,ILSVRC2013_val_00002758.JPEG,42669,397,800,43.315924644470215
Mixed,249,0.9451,3,ILSVRC2012_val_00028118.JPEG,42669,103,800,43.315924644470215
Mixed,250,0.5144,5,ILSVRC2013_val_00000650.JPEG,42669,137,800,43.315924644470215
